TF,num
ABL1,172
AES,643
AHR,110
AIP,547
ANKRD1,531
APC,636
APEX1,112
AR,102
ARID1A,399
ARID1B,364
ARID3A,307
ARNT,111
ARNTL,294
ARNTL2,553
ASCL1,487
ATF1,87
ATF2,74
ATF3,67
ATF4,70
ATF5,215
ATF6,72
ATM,80
ATRX,481
BACH1,75
BACH2,411
BARD1,8
BCL11A,348
BCL3,555
BCL6,269
BHLHE41,380
BMI1,465
BRCA1,92
BRD7,330
BTF3,485
BTG2,444
CBFA2T3,236
CBX7,217
CDCA7L,185
CDX2,406
CEBPA,68
CEBPB,69
CEBPD,498
CEBPE,165
CEBPG,270
CHD4,593
CIITA,290
CITED2,538
CLOCK,295
COPS5,141
CRABP2,505
CREB1,88
CREB3,572
CREB3L1,147
CREB5,25
CREBBP,95
CREG1,529
CREM,616
CRTC1,629
CTBP1,264
CTCF,648
CTCFL,262
CTNNB1,58
CUX1,375
DAXX,166
DBP,288
DDB2,194
DDIT3,71
DEAF1,493
DEK,132
DENND4A,299
DLX5,500
DNMT1,455
DNMT3A,456
DNMT3L,659
DR1,545
E2F1,66
E2F3,142
E2F4,560
E2F6,231
E2F7,178
E2F8,28
EAPP,552
ECD,233
EGR1,86
EGR2,633
EGR3,392
EHF,211
EHMT2,637
ELF2,6
ELF3,153
ELK1,89
ELK3,588
ELL,249
EN1,489
ENO1,484
EP300,100
EPAS1,625
ERCC2,275
ERF,475
ERG,273
ESR1,103
ESR2,104
ESRRA,608
ESRRG,610
ETS1,652
ETS2,567
ETV4,218
ETV6,524
EVX1,349
EWSR1,20
EZH2,196
FHL2,646
FLI1,374
FOS,55
FOSB,461
FOSL1,460
FOSL2,462
FOXA1,127
FOXA2,434
FOXC1,5
FOXD3,258
FOXF1,192
FOXF2,480
FOXH1,540
FOXI1,585
FOXL1,326
FOXL2,276
FOXM1,133
FOXN1,214
FOXO1,46
FOXO3,47
FOXO4,428
FOXP1,281
FOXP2,325
FOXP3,130
FOXQ1,384
FUS,542
GABPA,120
GATA1,163
GATA2,446
GATA3,443
GATA4,623
GATA6,436
GBX2,407
GCM1,510
GCM2,21
GFI1,351
GLI1,143
GLI2,144
GLI3,286
GTF2I,535
GTF3A,528
HAND2,158
HAX1,490
HBP1,501
HCFC1,347
HDAC1,458
HDAC2,459
HDAC3,15
HDAC4,293
HDAC5,271
HDAC7,635
HDAC9,517
HDGF,494
HES1,546
HES6,587
HEXIM1,645
HEY1,335
HEY2,363
HEYL,584
HHEX,421
HIF1A,57
HINFP,323
HIPK2,427
HLF,357
HMGA1,12
HMGA2,416
HMGB2,533
HNF1A,122
HNF1B,594
HNF4A,93
HNF4G,173
HOPX,180
HOXA1,607
HOXA10,606
HOXA11,321
HOXA5,520
HOXA7,320
HOXA9,154
HOXB1,337
HOXB13,470
HOXC10,24
HOXC6,176
HOXD9,318
HR,148
HSF1,76
HSF2,568
HSF4,523
HTATIP2,537
ID1,198
ID2,530
ID3,220
ID4,11
IFI16,139
IKBKB,62
IKZF1,558
ILF2,628
ILF3,403
ING1,317
ING2,316
ING4,4
IRF1,168
IRF2,31
IRF3,119
IRF4,291
IRF7,203
IRF8,157
ISL1,187
JDP2,182
JUN,56
JUNB,463
JUND,464
KAT2B,650
KAT5,283
KAT6A,3
KCNIP3,634
KDM4B,477
KDM4C,183
KHDRBS1,292
KLF10,649
KLF11,370
KLF12,244
KLF13,346
KLF15,340
KLF16,583
KLF2,624
KLF3,2
KLF4,442
KLF5,496
KLF6,193
KLF8,266
KLF9,282
LDB1,243
LEF1,433
LHX3,342
LIMD1,242
LRRFIP1,556
LYL1,472
MAF,564
MAFA,613
MAML1,315
MAX,289
MAZ,205
MBD1,631
MBD2,457
MDM2,64
MECP2,632
MED1,101
MEF2A,425
MEF2C,471
MEF2D,653
MEIS1,345
MEN1,128
MITF,136
MLLT10,241
MLXIPL,197
MSX1,387
MSX2,140
MTA1,250
MTA3,253
MTF1,77
MXD1,590
MZF1,350
MXI1,412
MYB,503
MYBL2,599
MYC,59
MYCN,441
MYOCD,216
MYOD1,509
MYOG,612
NAB2,655
NANOG,512
NCOA1,96
NCOA2,611
NCOA3,97
NCOA4,397
NCOA6,129
NCOR1,98
NCOR2,99
NEAT1,1
NELFB,373
NEUROG3,581
NF1,341
NFAT5,604
NFATC1,32
NFATC2,438
NFATC3,34
NFE2L1,452
NFE2L2,61
NFIA,155
NFIB,18
NFIC,268
NFIL3,394
NFIX,239
NFKB1,50
NFKB2,576
NFKBIA,52
NFKBIB,63
NFRKB,238
NFYA,272
NFYB,14
NFYC,334
NHLH2,298
NKX2-1,435
NKX2-2,591
NKX2-5,161
NKX3-1,159
NOTCH3,483
NPM1,162
NR0B1,279
NR0B2,453
NR1D1,495
NR1H2,35
NR1H3,36
NR1H4,200
NR1I2,106
NR1I3,107
NR2C2,580
NR2F1,123
NR2F2,420
NR2F6,189
NR3C1,108
NR3C2,109
NR4A1,499
NR4A2,445
NR4A3,492
NR5A1,280
NR5A2,437
NRF1,121
NRIP1,454
NRL,160
NUPR1,522
ONECUT1,368
ONECUT2,313
OTX1,353
OTX2,333
PA2G4,451
PARP1,53
PAWR,448
PAX2,358
PAX3,423
PAX4,614
PAX5,26
PAX6,410
PAX8,22
PBX1,202
PBX2,247
PCBD1,138
PDX1,563
PER1,131
PER2,575
PGR,105
PHB2,431
PHOX2A,210
PIAS1,398
PIAS2,478
PIAS3,586
PITX1,603
PITX2,332
PITX3,589
PLAGL1,260
PLAGL2,626
PML,167
POU1F1,539
POU2F1,33
POU2F2,390
POU4F1,638
POU4F2,369
POU5F1,514
PPARA,37
PPARD,39
PPARG,38
PPARGC1A,48
PRDM1,27
PROX1,190
PTMA,447
PTTG1,561
PURA,488
RAD51,81
RARA,169
RARB,170
RARG,171
RB1,65
RB1CC1,662
RBBP7,9
RBL1,619
RBL2,620
RBMX,391
RBPJ,246
REL,113
RELA,51
RELB,114
REST,511
RFX1,338
RFX3,579
RFX5,235
RORA,422
RREB1,234
RUNX1,429
RUNX2,541
RUNX3,518
RUVBL1,151
RXRA,40
SALL3,209
SALL4,0
SATB1,543
SATB2,201
SERTAD1,179
SF1,641
SFPQ,152
SIM2,382
SIN3A,413
SIRT1,49
SIRT2,482
SIX1,386
SKI,344
SKIL,595
SLC2A4RG,577
SMAD3,44
SMAD4,45
SMAD7,449
SMARCA1,504
SMARCA4,267
SMARCB1,134
SMURF2,306
SNAI1,90
SNAI2,91
SND1,254
SOX10,521
SOX11,339
SOX17,515
SOX2,513
SOX4,385
SOX6,615
SOX9,418
SP1,82
SP100,116
SP3,83
SP4,84
SP7,656
SPDEF,660
SPEN,389
SPI1,164
SPIC,232
SREBF1,41
SREBF2,42
SRF,559
SRSF1,430
STAT1,78
STAT2,644
STAT3,79
STAT4,29
STAT5A,145
STAT5B,146
STAT6,17
SUPT3H,354
SUZ12,230
TAF1,419
TAF4,229
TAL1,467
TBP,665
TBPL1,468
TBX2,343
TBX21,126
TBX3,658
TCF12,256
TCF19,191
TCF3,479
TCF4,30
TCF7L2,432
TCFL5,519
TEAD1,502
TEF,304
TFAP2A,450
TFAP2B,627
TFAP2C,651
TFAP4,360
TFDP1,544
TFDP3,227
TFPT,208
TGIF1,414
THRA,284
THRB,285
TLE3,255
TLX1,303
TNFAIP3,137
TOB1,621
TOP2B,605
TP53,54
TP53BP1,19
TP63,548
TP73,549
TRAF6,118
TRERF1,219
TRIB3,562
TRIM16,149
TRIM28,117
TRRAP,278
TSC22D1,362
TSC22D3,569
TSG101,207
TTF2,532
TWIST1,424
TWIST2,365
UHRF1,405
URI1,536
USF1,617
USF2,372
VDR,94
VEZF1,302
VHL,85
WT1,277
WWTR1,396
XBP1,73
XPC,16
XRCC5,600
YBX1,13
YY1,415
ZBTB14,301
ZBTB16,300
ZBTB17,663
ZBTB2,297
ZBTB7A,259
ZEB1,439
ZEB2,296
ZFP36,497
ZFP36L1,383
ZHX2,393
ZIC1,331
ZIC2,188
ZNF143,265
ZNF175,570
ZNF217,224
ZNF224,150
ZNF24,474
ZNF267,174
ZNF350,469
ZNF444,223
ZNF76,222
ZNRD1,525
ASXL1,312
BARX2,378
BDP1,240
BIN1,426
BPTF,639
BRCA2,466
BRIP1,7
CBFB,186
CNBP,598
CNOT7,367
CNOT8,329
CTNNBIP1,661
DDB1,401
DDX5,376
DEDD,328
DMAP1,212
DRAP1,10
E2F2,618
E2F5,622
EBF1,336
EED,257
EGF,60
EIF2AK2,642
EOMES,506
ESRRB,609
FOXA3,213
FOXC2,327
FOXJ1,486
FOXK2,228
FOXN4,23
FUBP1,473
FUBP3,377
GABPB2,324
GATA5,248
GTF2A1,654
GTF2B,664
GTF2F1,592
HIF3A,402
HLX,322
HMG20B,516
HMGN1,602
HNRNPD,657
HNRNPR,352
HOXA4,359
HOXB4,263
HOXC11,379
HOXD1,245
HOXD3,319
IRF6,574
JARID2,371
KHSRP,596
KLF7,287
LCOR,125
MAFB,395
MAFF,400
MAFG,565
MAFK,557
MAL,355
MCM2,199
MCM5,647
MDM4,566
MED15,573
MLX,204
MXD4,582
MYBBP1A,115
MYBL1,181
MYF6,156
NAB1,356
NEUROD1,508
NFE2,221
NFKBIZ,251
NONO,526
NPAS2,630
NPAS3,314
OLIG2,409
PAX1,237
PDCD11,640
PHF10,571
PHF8,311
PIR,527
POU3F1,388
PRDM2,554
PTF1A,310
RFX2,309
RFXANK,534
RORC,195
RUNX1T1,550
SCAND1,308
SCD5,578
SEC14L2,597
SHOX2,491
SIRT3,440
SMAD1,274
SMAD2,43
SNIP1,252
SNW1,361
SSX2,551
TBC1D22A,184
TBL1X,177
TBX20,305
TCF7,417
TFCP2L1,507
TFEB,135
TIAL1,381
TRIM22,206
TRIM25,124
TRIP6,175
UBP1,226
UBTF,476
UPF1,404
UTF1,408
WDR5,261
WHSC1,225
XRCC6,601
ZIC3,366
